<?xml version="1.0" encoding="UTF-8"?>
<beans xmlns="http://www.springframework.org/schema/beans"
	xmlns:xsi="http://www.w3.org/2001/XMLSchema-instance"
	xmlns:aop="http://www.springframework.org/schema/aop"
	xmlns:context="http://www.springframework.org/schema/context"
	xmlns:mvc="http://www.springframework.org/schema/mvc"
	xmlns:tx="http://www.springframework.org/schema/tx"
	xsi:schemaLocation="http://www.springframework.org/schema/beans http://www.springframework.org/schema/beans/spring-beans.xsd
		http://www.springframework.org/schema/aop http://www.springframework.org/schema/aop/spring-aop-4.3.xsd
		http://www.springframework.org/schema/context http://www.springframework.org/schema/context/spring-context-4.3.xsd
		http://www.springframework.org/schema/mvc http://www.springframework.org/schema/mvc/spring-mvc-4.3.xsd
		http://www.springframework.org/schema/tx http://www.springframework.org/schema/tx/spring-tx-4.3.xsd">

	<mvc:annotation-driven></mvc:annotation-driven>
	
	<!-- 静态资源处理 -->
	<mvc:default-servlet-handler />
	
	<context:component-scan base-package="cn.edu.nuc.shop.controller">
		<context:include-filter type="annotation" expression="org.springframework.stereotype.Controller"/>
	</context:component-scan>


	<!-- 视图解析器 -->
	<bean class="org.springframework.web.servlet.view.InternalResourceViewResolver">
    	<property name="viewClass" value="org.springframework.web.servlet.view.JstlView" />
        <property name="prefix" value="/sys/"/>
        <property name="suffix" value=".jsp"/>
    </bean>
    
	<!-- 上传 -->
    <bean id="multipartResolver" class="org.springframework.web.multipart.commons.CommonsMultipartResolver">
    	<property name="resolveLazily" value="true" />
    	<property name="maxUploadSize" value="999999999" />
    	<property name="defaultEncoding" value="utf-8" />
    </bean>
    
    <mvc:interceptors>    
	    <mvc:interceptor>    
	        <!-- 匹配的是url路径， 如果不配置或/**,将拦截所有的Controller -->  
	        <mvc:mapping path="/forder/order" />  
	      
	        <bean class="cn.edu.nuc.shop.Interceptor.OrderInterceptor"></bean>    
	    </mvc:interceptor>  
	    
	    
	     <mvc:interceptor>    
	        <!-- 匹配的是url路径， 如果不配置或/**,将拦截所有的Controller -->  
	        <mvc:mapping path="/product/*" />  
	        <mvc:exclude-mapping path="/product/frontlist"/>
	          <mvc:exclude-mapping path="/product/detail"/>
	        <bean class="cn.edu.nuc.shop.Interceptor.BankInterceptor"></bean>    
	    </mvc:interceptor>  
	    <!-- 当设置多个拦截器时，先按顺序调用preHandle方法，然后逆序调用每个拦截器的postHandle和afterCompletion方法 -->  
	</mvc:interceptors>  
    
</beans>
