<?xml version="1.0" encoding="UTF-8"?>
<!DOCTYPE mapper PUBLIC "-//mybatis.org//DTD Mapper 3.0//EN" "http://mybatis.org/dtd/mybatis-3-mapper.dtd">
<mapper namespace="cn.edu.nuc.shop.dao.AdminMapper">
  <resultMap id="BaseResultMap" type="cn.edu.nuc.shop.entiry.Admin">
    <id column="aid" jdbcType="INTEGER" property="aid" />
    <result column="username" jdbcType="VARCHAR" property="username" />
    <result column="password" jdbcType="VARCHAR" property="password" />
  </resultMap>
  <sql id="Base_Column_List">
    aid, username, password
  </sql>
  
  <select id="selectByPrimaryKey" parameterType="java.lang.Integer" resultMap="BaseResultMap">
    select 
    <include refid="Base_Column_List" />
    from zk_admin
    where aid = #{aid,jdbcType=INTEGER}
  </select>
  
  <select id="findByAdmin" resultType="cn.edu.nuc.shop.entiry.Admin">
  	select
  	<include refid="Base_Column_List" />
  	from zk_admin 
  	where username = #{username} and password=#{password}
  </select>
  
  
  
  
  <!-- 查。。。。。。。。。。。。。。。 -->
  <delete id="deleteByPrimaryKey" parameterType="java.lang.Integer">
    delete from zk_admin
    where aid = #{aid,jdbcType=INTEGER}
  </delete>
  <insert id="insert" parameterType="cn.edu.nuc.shop.entiry.Admin">
    insert into zk_admin (aid, username, password
      )
    values (#{aid,jdbcType=INTEGER}, #{username,jdbcType=VARCHAR}, #{password,jdbcType=VARCHAR}
      )
  </insert>
  <insert id="insertSelective" parameterType="cn.edu.nuc.shop.entiry.Admin">
    insert into zk_admin
    <trim prefix="(" suffix=")" suffixOverrides=",">
      <if test="aid != null">
        aid,
      </if>
      <if test="username != null">
        username,
      </if>
      <if test="password != null">
        password,
      </if>
    </trim>
    <trim prefix="values (" suffix=")" suffixOverrides=",">
      <if test="aid != null">
        #{aid,jdbcType=INTEGER},
      </if>
      <if test="username != null">
        #{username,jdbcType=VARCHAR},
      </if>
      <if test="password != null">
        #{password,jdbcType=VARCHAR},
      </if>
    </trim>
  </insert>
  <update id="updateByPrimaryKeySelective" parameterType="cn.edu.nuc.shop.entiry.Admin">
    update zk_admin
    <set>
      <if test="username != null">
        username = #{username,jdbcType=VARCHAR},
      </if>
      <if test="password != null">
        password = #{password,jdbcType=VARCHAR},
      </if>
    </set>
    where aid = #{aid,jdbcType=INTEGER}
  </update>
  <update id="updateByPrimaryKey" parameterType="cn.edu.nuc.shop.entiry.Admin">
    update zk_admin
    set username = #{username,jdbcType=VARCHAR},
      password = #{password,jdbcType=VARCHAR}
    where aid = #{aid,jdbcType=INTEGER}
  </update>
</mapper>