<?xml version="1.0" encoding="UTF-8"?>
<!DOCTYPE mapper PUBLIC "-//mybatis.org//DTD Mapper 3.0//EN" "http://mybatis.org/dtd/mybatis-3-mapper.dtd">
<mapper namespace="cn.edu.nuc.shop.dao.ForderMapper">
  <resultMap id="BaseResultMap" type="cn.edu.nuc.shop.entiry.Forder">
    <id column="fid" jdbcType="INTEGER" property="fid" />
    <result column="name" jdbcType="VARCHAR" property="name" />
    <result column="phone" jdbcType="VARCHAR" property="phone" />
    <result column="remark" jdbcType="VARCHAR" property="remark" />
    <result column="date" jdbcType="TIMESTAMP" property="date" />
    <result column="total" jdbcType="DOUBLE" property="total" />
    <result column="post" jdbcType="VARCHAR" property="post" />
    <result column="address" jdbcType="VARCHAR" property="address" />
    <result column="uid" jdbcType="INTEGER" property="uid" />
    <collection property="sorderSet" javaType="cn.edu.nuc.shop.entiry.Sorder" ofType="cn.edu.nuc.shop.entiry.Sorder">
    	<id column="sid" property="sid"/>
    	<result column="name" property="name"/>
    	<result column="price" property="price"/>
    	<result column="number" property="number"/>
    	
    
    
    </collection>
    
  </resultMap>
  <sql id="Base_Column_List">
    fid, name, phone, remark, date, total, post, address, uid, sid
  </sql>
  <select id="selectByPrimaryKey" parameterType="java.lang.Integer" resultMap="BaseResultMap">
    select 
    <include refid="Base_Column_List" />
    from zk_forder
    where fid = #{fid,jdbcType=INTEGER}
  </select>
  <select id="selectList"  resultType="cn.edu.nuc.shop.entiry.Forder">
    select 
       fid, name, phone, remark, date, total, post, address, uid,status
    from zk_forder
  </select>
  
  <delete id="deleteByPrimaryKey" parameterType="java.lang.Integer">
    delete from zk_forder
    where fid = #{fid,jdbcType=INTEGER}
  </delete>
  <insert id="insert" parameterType="cn.edu.nuc.shop.entiry.Forder" useGeneratedKeys="true" keyProperty="fid">
    insert into zk_forder (fid, name, phone, 
      remark, date, total, 
      post, address, uid)
    values (#{fid,jdbcType=INTEGER}, #{name,jdbcType=VARCHAR}, #{phone,jdbcType=VARCHAR}, 
      #{remark,jdbcType=VARCHAR}, #{date,jdbcType=TIMESTAMP}, #{total,jdbcType=DOUBLE}, 
      #{post,jdbcType=VARCHAR}, #{address,jdbcType=VARCHAR}, #{uid,jdbcType=INTEGER} 
      )
  </insert>
  <insert id="insertSelective" parameterType="cn.edu.nuc.shop.entiry.Forder">
    insert into zk_forder
    <trim prefix="(" suffix=")" suffixOverrides=",">
      <if test="fid != null">
        fid,
      </if>
      <if test="name != null">
        name,
      </if>
      <if test="phone != null">
        phone,
      </if>
      <if test="remark != null">
        remark,
      </if>
      <if test="date != null">
        date,
      </if>
      <if test="total != null">
        total,
      </if>
      <if test="post != null">
        post,
      </if>
      <if test="address != null">
        address,
      </if>
      <if test="uid != null">
        uid,
      </if>
      <if test="sid != null">
        sid,
      </if>
    </trim>
    <trim prefix="values (" suffix=")" suffixOverrides=",">
      <if test="fid != null">
        #{fid,jdbcType=INTEGER},
      </if>
      <if test="name != null">
        #{name,jdbcType=VARCHAR},
      </if>
      <if test="phone != null">
        #{phone,jdbcType=VARCHAR},
      </if>
      <if test="remark != null">
        #{remark,jdbcType=VARCHAR},
      </if>
      <if test="date != null">
        #{date,jdbcType=TIMESTAMP},
      </if>
      <if test="total != null">
        #{total,jdbcType=DOUBLE},
      </if>
      <if test="post != null">
        #{post,jdbcType=VARCHAR},
      </if>
      <if test="address != null">
        #{address,jdbcType=VARCHAR},
      </if>
      <if test="uid != null">
        #{uid,jdbcType=INTEGER},
      </if>
      <if test="sid != null">
        #{sid,jdbcType=INTEGER},
      </if>
    </trim>
  </insert>
  <update id="updateByPrimaryKeySelective" parameterType="cn.edu.nuc.shop.entiry.Forder">
    update zk_forder
    <set>
      <if test="name != null">
        name = #{name,jdbcType=VARCHAR},
      </if>
      <if test="phone != null">
        phone = #{phone,jdbcType=VARCHAR},
      </if>
      <if test="remark != null">
        remark = #{remark,jdbcType=VARCHAR},
      </if>
      <if test="date != null">
        date = #{date,jdbcType=TIMESTAMP},
      </if>
      <if test="total != null">
        total = #{total,jdbcType=DOUBLE},
      </if>
      <if test="post != null">
        post = #{post,jdbcType=VARCHAR},
      </if>
      <if test="address != null">
        address = #{address,jdbcType=VARCHAR},
      </if>
      <if test="uid != null">
        uid = #{uid,jdbcType=INTEGER},
      </if>
      <if test="sid != null">
        sid = #{sid,jdbcType=INTEGER},
      </if>
    </set>
    where fid = #{fid,jdbcType=INTEGER}
  </update>
  <update id="updateByPrimaryKey" parameterType="cn.edu.nuc.shop.entiry.Forder">
    update zk_forder
    set name = #{name,jdbcType=VARCHAR},
      phone = #{phone,jdbcType=VARCHAR},
      remark = #{remark,jdbcType=VARCHAR},
      date = #{date,jdbcType=TIMESTAMP},
      total = #{total,jdbcType=DOUBLE},
      post = #{post,jdbcType=VARCHAR},
      address = #{address,jdbcType=VARCHAR},
      uid = #{uid,jdbcType=INTEGER},
      sid = #{sid,jdbcType=INTEGER}
    where fid = #{fid,jdbcType=INTEGER}
  </update>
</mapper>